name,trial1,trial2,trial3
ground_with_maxvel0_3,0.0641461421846459,0.044879111000166304,0.037527080897896345
ground_with_maxvel0_4,0.03474695780271189,0.05226563379666699,0.04981246221553523
ground_with_maxvel0_5,0.0485244360202401,0.04156584295360876,0.057473549086476255
