name,trial1,trial2,trial3
3points_cardboardground_with_max0_3_min0_15,0.03711973735755518,0.05426235905610544,0.047745821309121375
3points_cardboardground_with_max0_3_min0_2,0.042694900391934985,0.041022572345022656,0.04792258031575503
3points_cardboardground_with_max0_4_min0_15,0.038111892510096994,0.054726779957555066,0.05124032878572563
3points_cardboardground_with_max0_4_min0_2,0.05916514530480785,0.04992416196822733,0.0394071472046916
3points_cardboardground_with_max0_5_min0_15,0.036891310849868034,0.04126968344574436,0.04032391623175003
3points_cardboardground_with_max0_5_min0_2,0.047917455036584046,0.05429672949540908,0.05076943919475825
3points_downhill_with_max0_3_min0_15,0.07924439222185939,0.05325691548850519,0.0606130649527456
3points_downhill_with_max0_3_min0_2,0.05113085023727378,0.07725418639890361,0.08037971788096403
3points_ground_with_max0_3_min0_15,0.05469775982869499,0.07226752287428491,0.07966081947144309
3points_ground_with_max0_3_min0_2,0.06988753507178724,0.058959197668711605,0.053370363721371605
3points_ground_with_max0_4_min0_15,0.04480968799123966,0.035637874016000985,0.04504392508246381
3points_ground_with_max0_4_min0_2,0.06609394495479644,0.053820867059600645,0.07696534356566608
3points_ground_with_max0_5_min0_15,0.047259488700884957,0.08147552576432396,0.038808803894176326
3points_ground_with_max0_5_min0_2,0.10014731626841403,0.06825592521683209,0.07176115094859502
3points_parchment_max0_3_min0_15,0.051575349072805525,0.0389249330600152,0.032875433220406494
3points_parchment_max0_3_min0_2,0.060626614028596454,0.07889752241944527,0.0509414470625911
3points_parchment_max0_4_min0_15,0.04586570411890251,0.052278411657148534,0.06775603071255083
3points_parchment_max0_4_min0_2,0.047364597859138824,0.768469844055544,0.07406227755685443
3points_parchment_max0_5_min0_15,0.07027026151572112,0.06543100442332273,0.06453058126057935
3points_parchment_max0_5_min0_2,0.04866843221002228,0.046489463927993385,0.05113281563766364
ground_with_maxvel0_3,0.0641461421846459,0.044879111000166304,0.037527080897896345
ground_with_maxvel0_4,0.03474695780271189,0.05226563379666699,0.04981246221553523
ground_with_maxvel0_5,0.0485244360202401,0.04156584295360876,0.057473549086476255
