t,x,y,z,roll,pitch,yaw
10.666272499991464,-0.09512249302544312,-0.08531354434982422,0.8853186497617316,-8.078384129650175,4.631519477423048,75.41181209638523
10.731692699991981,-0.09491920239193519,-0.08522794859766147,0.8841175686906223,-9.448761248161091,5.201909350180268,75.27992240648558
